{"cameraMode":{"drawMode":0,"name":"Shaded","section":"Shading Mode"},"sceneLighting":true,"audioPlay":false,"sceneViewState":{"showFog":true,"showMaterialUpdate":false,"showSkybox":true,"showFlares":true,"showImageEffects":true,"showParticleSystems":true},"in2DMode":false,"pivot":{"x":-97.50375366210938,"y":4.914420127868652,"z":-151.3800048828125},"rotation":{"x":8.29350824127495e-11,"y":-0.7092249393463135,"z":4.7082580889590278e-11,"w":0.704982340335846},"size":55.16560745239258,"orthographic":false}